id,handle,title,
5,300-301-050-athens-oval-coffee-table,Athens Oval Coffee Table,Coffee Tables
15,300-301-005-cambourne-2-drawer-coffee-table,Cambourne 2 Drawer Coffee Table,Coffee Tables
27,300-301-007-cara-coffee-table,Cara Coffee Table,Coffee Tables
34,300-301-009-charisma-coffee-table,Charisma Coffee Table,Coffee Tables
36,300-301-010-charisma-coffee-table,Charisma Coffee Table,Coffee Tables
44,300-301-031-corona-1-drawer-coffee-table,Corona 1 Drawer Coffee Table,Coffee Tables
59,300-301-015-corona-1-drawer-coffee-table,Corona 1 Drawer Coffee Table,Coffee Tables
73,300-301-047-denver-coffee-table,Denver Coffee Table,Coffee Tables
84,300-301-018-hanley-coffee-table,Hanley Coffee Table,Coffee Tables
95,300-301-036-ludlow-coffee-table,Ludlow Coffee Table,Coffee Tables
105,300-301-028-milan-coffee-table,Milan Coffee Table,Coffee Tables
113,300-301-045-milan-coffee-table,Milan Coffee Table,Coffee Tables
127,300-301-057-montreal-coffee-table,Montreal Coffee Table,Coffee Tables
141,300-301-034-morton-coffee-table,Morton Coffee Table,Coffee Tables
150,300-301-060-naples-coffee-table,Naples Coffee Table,Coffee Tables
160,300-301-061-naples-coffee-table,Naples Coffee Table,Coffee Tables
170,300-301-062-naples-coffee-table,Naples Coffee Table,Coffee Tables
180,300-301-063-naples-coffee-table,Naples Coffee Table,Coffee Tables
193,300-301-052-quebec-wave-edge-coffee-table,Quebec Wave Edge Coffee Table,Coffee Tables
206,300-301-039-salvador-tile-top-coffee-table,Salvador Tile Top Coffee Table,Coffee Tables
215,300-301-027-tortilla-coffee-table,Tortilla Coffee Table,Coffee Tables
223,300-301-043-trieste-coffee-table,Trieste Coffee Table,Coffee Tables
231,300-301-055-walton-round-coffee-table,Walton Round Coffee Table,Coffee Tables
239,300-301-056-walton-round-coffee-table,Walton Round Coffee Table,Coffee Tables
251,300-304-002-corona-1-drawer-console-table-with-shelf,Corona 1 Drawer Console Table with Shelf,Console Tables
267,300-304-003-corona-2-drawer-console-table-with-shelf,Corona 2 Drawer Console Table With Shelf,Console Tables
283,300-304-004-corona-3-drawer-console-table-with-shelf,Corona 3 Drawer Console Table With Shelf,Console Tables
296,300-304-024-naples-console-table,Naples Console Table,Console Tables
306,300-304-026-naples-console-table,Naples Console Table,Console Tables
320,300-304-019-ottawa-3-drawer-console-table,Ottawa 3 Drawer Console Table,Console Tables
337,300-304-006-panama-2-drawer-console-table,Panama 2 Drawer Console Table,Console Tables
356,300-304-021-quebec-wave-edge-console-table,Quebec Wave Edge Console Table,Console Tables
374,300-304-014-salvador-tile-top-console-table,Salvador Tile Top Console Table,Console Tables
386,300-304-007-tortilla-console-table,Tortilla Console Table,Console Tables
395,300-304-015-valencia-console-table,Valencia Console Table,Console Tables
403,300-304-013-warwick-console-table,Warwick Console Table,Console Tables
414,300-302-032-corona-1-drawer-lamp-table,Corona 1 Drawer Lamp Table,Lamp Tables
425,300-302-010-corona-lamp-table,Corona Lamp Table,Lamp Tables
434,300-302-014-hanley-lamp-table,Hanley Lamp Table,Lamp Tables
452,300-302-033-logan-lamp-table,Logan Lamp Table,Lamp Tables
469,300-302-036-milan-lamp-table,Milan Lamp Table,Lamp Tables
477,300-302-022-milan-lamp-table,Milan Lamp Table,Lamp Tables
484,300-302-025-morton-lamp-table,Morton Lamp Table,Lamp Tables
491,300-302-048-naples-mini-bar/side-table,Naples Mini Bar/Side Table,Lamp Tables
499,300-302-046-naples-mini-bar/side-table,Naples Mini Bar/Side Table,Lamp Tables
507,300-302-049-naples-mini-bar/side-table,Naples Mini Bar/Side Table,Lamp Tables
515,300-302-047-naples-mini-bar/side-table,Naples Mini Bar/Side Table,Lamp Tables
523,300-302-051-naples-plant-stand/side-table,Naples Plant Stand/Side Table,Lamp Tables
531,300-302-050-naples-plant-stand/side-table,Naples Plant Stand/Side Table,Lamp Tables
539,300-302-052-naples-plant-stand/side-table,Naples Plant Stand/Side Table,Lamp Tables
547,300-302-053-naples-plant-stand/side-table,Naples Plant Stand/Side Table,Lamp Tables
556,300-302-039-naples-serving-cart/side-table,Naples Serving Cart/Side Table,Lamp Tables
566,300-302-040-naples-serving-cart/side-table,Naples Serving Cart/Side Table,Lamp Tables
576,300-302-041-naples-serving-cart/side-table,Naples Serving Cart/Side Table,Lamp Tables
586,300-302-038-naples-serving-cart/side-table,Naples Serving Cart/Side Table,Lamp Tables
596,300-302-045-naples-storage-side-table,Naples Storage Side Table,Lamp Tables
606,300-302-044-naples-storage-side-table,Naples Storage Side Table,Lamp Tables
616,300-302-043-naples-storage-side-table,Naples Storage Side Table,Lamp Tables
626,300-302-042-naples-storage-side-table,Naples Storage Side Table,Lamp Tables
637,300-302-056-naples-z-side-table,Naples Z Side Table,Lamp Tables
649,300-302-055-naples-z-side-table,Naples Z Side Table,Lamp Tables
661,300-302-054-naples-z-side-table,Naples Z Side Table,Lamp Tables
673,300-302-057-naples-z-side-table,Naples Z Side Table,Lamp Tables
683,300-302-018-panama-lamp-table,Panama Lamp Table,Lamp Tables
691,300-302-021-tortilla-lamp-table,Tortilla Lamp Table,Lamp Tables
703,300-305-043-bergen-1-door-2-drawer-tv-unit,Bergen 1 Door 2 Drawer TV Unit,Tv Units
717,300-305-004-cambourne-2-drawer-flat-screen-tv-unit,Cambourne 2 Drawer Flat Screen TV Unit,Tv Units
729,300-305-006-charisma-2-door-tv-unit,Charisma 2 Door TV Unit,Tv Units
741,300-305-038-charisma-2-door-tv-unit,Charisma 2 Door TV Unit,Tv Units
748,300-305-037-charisma-tv-stand,Charisma TV Stand,Tv Units
750,300-305-039-charisma-tv-stand,Charisma TV Stand,Tv Units
760,300-305-008-corona-2-door-1-shelf-flat-screen-tv-unit,Corona 2 Door 1 Shelf Flat Screen TV Unit,Tv Units
776,300-305-027-corona-2-drawer-flat-screen-tv-unit,Corona 2 Drawer Flat Screen TV Unit,Tv Units
790,300-305-026-corona-2-drawer-flat-screen-tv-unit,Corona 2 Drawer Flat Screen TV Unit,Tv Units
805,300-305-009-corona-corner-tv-cabinet,Corona Corner TV Cabinet,Tv Units
820,300-305-036-corona-corner-tv-cabinet,Corona Corner TV Cabinet,Tv Units
832,300-305-029-ludlow-tv-unit,Ludlow TV Unit,Tv Units
846,300-305-047-madrid-tv-unit,Madrid TV Unit,Tv Units
860,300-305-028-milan-tv-unit,Milan TV Unit,Tv Units
869,300-305-040-milan-tv-unit,Milan TV Unit,Tv Units
883,300-305-044-montreal-tv-unit,Montreal TV Unit,Tv Units
900,300-305-019-panama-2-door-1-shelf-flat-screen-tv-unit,Panama 2 Door 1 Shelf Flat Screen TV Unit,Tv Units
914,300-305-035-salvador-tile-top-corner-tv-unit,Salvador Tile Top Corner TV Unit,Tv Units
928,300-305-022-tortilla-1-drawer-flat-screen-tv-unit,Tortilla 1 Drawer Flat Screen TV Unit,Tv Units
938,300-305-033-warwick-tv-unit,Warwick TV Unit,Tv Units
950,100-103-029-charles-2-drawer-bedside,Charles 2 Drawer Bedside,Bedsides
968,100-103-011-corona-1-drawer-1-door-bedside-cabinet,Corona 1 Drawer 1 Door Bedside Cabinet,Bedsides
985,100-103-040-corona-1-drawer-1-door-bedside-cabinet,Corona 1 Drawer 1 Door Bedside Cabinet,Bedsides
1001,100-103-010-corona-3-drawer-bedside-chest,Corona 3 Drawer Bedside Chest,Bedsides
1018,100-103-045-corona-petite-bedside,Corona Petite Bedside,Bedsides
1032,100-103-061-felix-2-drawer-bedside,Felix 2 Drawer Bedside,Bedsides
1048,100-103-037-lisbon-3-drawer-bedside-chest,Lisbon 3 Drawer Bedside Chest,Bedsides
1066,100-103-042-ludlow-1-drawer-1-door-bedside-cabinet,Ludlow 1 Drawer 1 Door Bedside Cabinet,Bedsides
1080,100-103-041-ludlow-1-drawer-1-door-bedside-cabinet,Ludlow 1 Drawer 1 Door Bedside Cabinet,Bedsides
1095,100-103-053-nevada-2-drawer-bedside,Nevada 2 Drawer Bedside,Bedsides
1109,100-103-058-nevada-2-drawer-bedside,Nevada 2 Drawer Bedside,Bedsides
1124,100-103-066-nevada-2-drawer-bedside,Nevada 2 Drawer Bedside,Bedsides
1141,100-103-063-nevada-2-drawer-bedside,Nevada 2 Drawer Bedside,Bedsides
1155,100-103-054-nevada-2-drawer-bedside,Nevada 2 Drawer Bedside,Bedsides
1168,100-103-062-nevada-3-drawer-bedside,Nevada 3 Drawer Bedside,Bedsides
1183,100-103-059-nevada-3-drawer-bedside,Nevada 3 Drawer Bedside,Bedsides
1200,100-103-065-nevada-3-drawer-bedside,Nevada 3 Drawer Bedside,Bedsides
1216,100-103-052-nevada-3-drawer-bedside-chest,Nevada 3 Drawer Bedside Chest,Bedsides
1230,100-103-051-nevada-3-drawer-bedside-chest,Nevada 3 Drawer Bedside Chest,Bedsides
1239,100-103-024-prado-3-drawer-bedside-chest,Prado 3 Drawer Bedside Chest,Bedsides
1242,100-103-025-prado-3-drawer-bedside-chest,Prado 3 Drawer Bedside Chest,Bedsides
1250,100-103-039-seville-1-drawer-bedside-cabinet,Seville 1 Drawer Bedside Cabinet,Bedsides
1264,100-103-031-seville-1-drawer-bedside-cabinet,Seville 1 Drawer Bedside Cabinet,Bedsides
1278,100-103-027-seville-1-drawer-bedside-cabinet,Seville 1 Drawer Bedside Cabinet,Bedsides
1291,100-102-007-cambourne-3-drawer-chest,Cambourne 3 Drawer Chest,Chests of Drawers
1304,100-102-009-cambourne-3+2-drawer-chest,Cambourne 3+2 Drawer Chest,Chests of Drawers
1318,100-102-011-cambourne-5-drawer-chest,Cambourne 5 Drawer Chest,Chests of Drawers
1332,100-102-058-charles-3+2-drawer-chest,Charles 3+2 Drawer Chest,Chests of Drawers
1347,100-102-022-corona-2+2-drawer-chest,Corona 2+2 Drawer Chest,Chests of Drawers
1363,100-102-023-corona-3-drawer-chest,Corona 3 Drawer Chest,Chests of Drawers
1378,100-102-061-corona-3-drawer-chest,Corona 3 Drawer Chest,Chests of Drawers
1393,100-102-024-corona-3+2-drawer-chest,Corona 3+2 Drawer Chest,Chests of Drawers
1409,100-102-025-corona-4-drawer-chest,Corona 4 Drawer Chest,Chests of Drawers
1424,100-102-029-corona-4+3+2-drawer-merchant-chest,Corona 4+3+2 Drawer Merchant Chest,Chests of Drawers
1439,100-102-026-corona-5-drawer-narrow-chest,Corona 5 Drawer Narrow Chest,Chests of Drawers
1454,100-102-065-corona-5-drawer-narrow-chest,Corona 5 Drawer Narrow Chest,Chests of Drawers
1465,100-102-112-felix-3-drawer-chest,Felix 3 Drawer Chest,Chests of Drawers
1476,100-102-068-lisbon-3-drawer-chest,Lisbon 3 Drawer Chest,Chests of Drawers
1490,100-102-078-ludlow-2+2-drawer-chest,Ludlow 2+2 Drawer Chest,Chests of Drawers
1504,100-102-076-ludlow-2+2-drawer-chest,Ludlow 2+2 Drawer Chest,Chests of Drawers
1518,100-102-135-malvern-3-drawer-chest,Malvern 3 Drawer Chest,Chests of Drawers
1533,100-102-116-nevada-3-drawer-chest,Nevada 3 Drawer Chest,Chests of Drawers
1548,100-102-092-nevada-3-drawer-chest,Nevada 3 Drawer Chest,Chests of Drawers
1562,100-102-091-nevada-3-drawer-chest,Nevada 3 Drawer Chest,Chests of Drawers
1578,100-102-121-nevada-3-drawer-chest,Nevada 3 Drawer Chest,Chests of Drawers
1594,100-102-090-nevada-3+2-drawer-chest,Nevada 3+2 Drawer Chest,Chests of Drawers
1609,100-102-089-nevada-3+2-drawer-chest,Nevada 3+2 Drawer Chest,Chests of Drawers
1626,100-102-119-nevada-3+2-drawer-chest,Nevada 3+2 Drawer Chest,Chests of Drawers
1643,100-102-114-nevada-3+2-drawer-chest,Nevada 3+2 Drawer Chest,Chests of Drawers
1658,100-102-093-nevada-5-drawer-narrow-chest,Nevada 5 Drawer Narrow Chest,Chests of Drawers
1672,100-102-094-nevada-5-drawer-narrow-chest,Nevada 5 Drawer Narrow Chest,Chests of Drawers
1687,100-102-117-nevada-5-drawer-narrow-chest,Nevada 5 Drawer Narrow Chest,Chests of Drawers
1703,100-102-109-nevada-6-drawer-chest,Nevada 6 Drawer Chest,Chests of Drawers
1717,100-102-103-nevada-6-drawer-chest,Nevada 6 Drawer Chest,Chests of Drawers
1729,100-102-102-nevada-6-drawer-chest,Nevada 6 Drawer Chest,Chests of Drawers
1744,100-102-097-nordic-3-drawer-chest,Nordic 3 Drawer Chest,Chests of Drawers
1763,100-102-113-nordic-merchant-chest,Nordic Merchant Chest,Chests of Drawers
1780,100-102-042-panama-2+2-drawer-chest,Panama 2+2 Drawer Chest,Chests of Drawers
1794,100-102-043-panama-4-drawer-chest,Panama 4 Drawer Chest,Chests of Drawers
1807,100-102-045-panama-6-drawer-chest,Panama 6 Drawer Chest,Chests of Drawers
1821,100-102-051-seville-3-drawer-chest,Seville 3 Drawer Chest,Chests of Drawers
1836,100-107-003-charles-1-drawer-dressing-table-set,Charles 1 Drawer Dressing Table Set,Dressing Tables
1845,100-107-008-charles-1-drawer-dressing-table-set,Charles 1 Drawer Dressing Table Set,Dressing Tables
1855,100-105-013-corona-3-drawer-dressing-table,Corona 3 Drawer Dressing Table,Dressing Tables
1869,100-105-006-corona-4-drawer-dressing-table,Corona 4 Drawer Dressing Table,Dressing Tables
1884,100-105-015-nevada-4-drawer-dressing-table-set,Nevada 4 Drawer Dressing Table Set,Dressing Tables
1902,100-105-016-nevada-4-drawer-dressing-table-set,Nevada 4 Drawer Dressing Table Set,Dressing Tables
1920,100-105-018-nevada-4-drawer-dressing-table-set,Nevada 4 Drawer Dressing Table Set,Dressing Tables
1937,100-107-017-seville-3-drawer-dressing-table-set,Seville 3 Drawer Dressing Table Set,Dressing Tables
1952,100-101-007-cambourne-2-door-1-drawer-wardrobe,Cambourne 2 Door 1 Drawer Wardrobe,Wardrobes
1966,100-101-050-charles-2-door-2-drawer-wardrobe,Charles 2 Door 2 Drawer Wardrobe,Wardrobes
1980,100-101-016-charles-3-door-2-drawer-mirrored-wardrobe,Charles 3 Door 2 Drawer Mirrored Wardrobe,Wardrobes
1995,100-101-020-corona-1-door-4-drawer-low-wardrobe,Corona 1 Door 4 Drawer Low Wardrobe,Wardrobes
2011,100-101-064-corona-1-door-wardrobe,Corona 1 Door Wardrobe,Wardrobes
2027,100-101-022-corona-2-door-wardrobe,Corona 2 Door Wardrobe,Wardrobes
2043,100-101-023-corona-3-door-wardrobe,Corona 3 Door Wardrobe,Wardrobes
2055,100-101-099-felix-2-door-wardrobe,Felix 2 Door Wardrobe,Wardrobes
2065,100-101-065-ludlow-2-door-wardrobe,Ludlow 2 Door Wardrobe,Wardrobes
2079,100-101-080-nevada-2-door-1-drawer-wardrobe,Nevada 2 Door 1 Drawer Wardrobe,Wardrobes
2103,100-101-100-nevada-2-door-1-drawer-wardrobe,Nevada 2 Door 1 Drawer Wardrobe,Wardrobes
2111,100-101-100-nevada-2-door-1-drawer-wardrobe,Nevada 2 Door 1 Drawer Wardrobe,Wardrobes
2119,100-101-100-nevada-2-door-1-drawer-wardrobe,Nevada 2 Door 1 Drawer Wardrobe,Wardrobes
2148,100-101-090-nevada-2-door-1-drawer-wardrobe,Nevada 2 Door 1 Drawer Wardrobe,Wardrobes
2155,100-101-090-nevada-2-door-1-drawer-wardrobe,Nevada 2 Door 1 Drawer Wardrobe,Wardrobes
2162,100-101-090-nevada-2-door-1-drawer-wardrobe,Nevada 2 Door 1 Drawer Wardrobe,Wardrobes
2190,100-101-079-nevada-2-door-1-drawer-wardrobe,Nevada 2 Door 1 Drawer Wardrobe,Wardrobes
2197,100-101-079-nevada-2-door-1-drawer-wardrobe,Nevada 2 Door 1 Drawer Wardrobe,Wardrobes
2204,100-101-079-nevada-2-door-1-drawer-wardrobe,Nevada 2 Door 1 Drawer Wardrobe,Wardrobes
2232,100-101-089-nevada-3-door-2-drawer-mirrored-wardrobe,Nevada 3 Door 2 Drawer Mirrored Wardrobe,Wardrobes
2239,100-101-089-nevada-3-door-2-drawer-mirrored-wardrobe,Nevada 3 Door 2 Drawer Mirrored Wardrobe,Wardrobes
2246,100-101-089-nevada-3-door-2-drawer-mirrored-wardrobe,Nevada 3 Door 2 Drawer Mirrored Wardrobe,Wardrobes
2274,100-101-078-nevada-3-door-2-drawer-mirrored-wardrobe,Nevada 3 Door 2 Drawer Mirrored Wardrobe,Wardrobes
2281,100-101-078-nevada-3-door-2-drawer-mirrored-wardrobe,Nevada 3 Door 2 Drawer Mirrored Wardrobe,Wardrobes
2288,100-101-078-nevada-3-door-2-drawer-mirrored-wardrobe,Nevada 3 Door 2 Drawer Mirrored Wardrobe,Wardrobes
2313,100-101-077-nevada-3-door-2-drawer-mirrored-wardrobe,Nevada 3 Door 2 Drawer Mirrored Wardrobe,Wardrobes
2319,100-101-077-nevada-3-door-2-drawer-mirrored-wardrobe,Nevada 3 Door 2 Drawer Mirrored Wardrobe,Wardrobes
2325,100-101-077-nevada-3-door-2-drawer-mirrored-wardrobe,Nevada 3 Door 2 Drawer Mirrored Wardrobe,Wardrobes
2349,100-101-116-nevada-3-door-2-drawer-mirrored-wardrobe,Nevada 3 Door 2 Drawer Mirrored Wardrobe,Wardrobes
2355,100-101-116-nevada-3-door-2-drawer-mirrored-wardrobe,Nevada 3 Door 2 Drawer Mirrored Wardrobe,Wardrobes
2361,100-101-116-nevada-3-door-2-drawer-mirrored-wardrobe,Nevada 3 Door 2 Drawer Mirrored Wardrobe,Wardrobes
2394,100-101-101-nevada-3-door-2-drawer-mirrored-wardrobe,Nevada 3 Door 2 Drawer Mirrored Wardrobe,Wardrobes
2403,100-101-101-nevada-3-door-2-drawer-mirrored-wardrobe,Nevada 3 Door 2 Drawer Mirrored Wardrobe,Wardrobes
2412,100-101-101-nevada-3-door-2-drawer-mirrored-wardrobe,Nevada 3 Door 2 Drawer Mirrored Wardrobe,Wardrobes
2448,100-101-088-nevada-4-door-2-drawer-mirrored-wardrobe,Nevada 4 Door 2 Drawer Mirrored Wardrobe,Wardrobes
2457,100-101-088-nevada-4-door-2-drawer-mirrored-wardrobe,Nevada 4 Door 2 Drawer Mirrored Wardrobe,Wardrobes
2466,100-101-088-nevada-4-door-2-drawer-mirrored-wardrobe,Nevada 4 Door 2 Drawer Mirrored Wardrobe,Wardrobes
2496,100-101-102-nevada-4-door-2-drawer-mirrored-wardrobe,Nevada 4 Door 2 Drawer Mirrored Wardrobe,Wardrobes
2503,100-101-102-nevada-4-door-2-drawer-mirrored-wardrobe,Nevada 4 Door 2 Drawer Mirrored Wardrobe,Wardrobes
2510,100-101-102-nevada-4-door-2-drawer-mirrored-wardrobe,Nevada 4 Door 2 Drawer Mirrored Wardrobe,Wardrobes
2538,100-101-076-nevada-4-door-2-drawer-mirrored-wardrobe,Nevada 4 Door 2 Drawer Mirrored Wardrobe,Wardrobes
2545,100-101-076-nevada-4-door-2-drawer-mirrored-wardrobe,Nevada 4 Door 2 Drawer Mirrored Wardrobe,Wardrobes
2552,100-101-076-nevada-4-door-2-drawer-mirrored-wardrobe,Nevada 4 Door 2 Drawer Mirrored Wardrobe,Wardrobes
2580,100-101-104-nevada-5-drawer-low-wardrobe,Nevada 5 Drawer Low Wardrobe,Wardrobes
2587,100-101-104-nevada-5-drawer-low-wardrobe,Nevada 5 Drawer Low Wardrobe,Wardrobes
2594,100-101-104-nevada-5-drawer-low-wardrobe,Nevada 5 Drawer Low Wardrobe,Wardrobes
2628,100-101-107-nevada-5-drawer-low-wardrobe,Nevada 5 Drawer Low Wardrobe,Wardrobes
2637,100-101-107-nevada-5-drawer-low-wardrobe,Nevada 5 Drawer Low Wardrobe,Wardrobes
2646,100-101-107-nevada-5-drawer-low-wardrobe,Nevada 5 Drawer Low Wardrobe,Wardrobes
2655,100-101-107-nevada-5-drawer-low-wardrobe,Nevada 5 Drawer Low Wardrobe,Wardrobes
2688,100-101-110-nevada-6-door-2-drawer-mirrored-wardrobe,Nevada 6 Door 2 Drawer Mirrored Wardrobe,Wardrobes
2694,100-101-110-nevada-6-door-2-drawer-mirrored-wardrobe,Nevada 6 Door 2 Drawer Mirrored Wardrobe,Wardrobes
2700,100-101-110-nevada-6-door-2-drawer-mirrored-wardrobe,Nevada 6 Door 2 Drawer Mirrored Wardrobe,Wardrobes
2706,100-101-110-nevada-6-door-2-drawer-mirrored-wardrobe,Nevada 6 Door 2 Drawer Mirrored Wardrobe,Wardrobes
2744,100-101-091-nevada-mirrored-2-door-1-drawer-wardrobe,Nevada Mirrored 2 Door 1 Drawer Wardrobe,Wardrobes
2752,100-101-091-nevada-mirrored-2-door-1-drawer-wardrobe,Nevada Mirrored 2 Door 1 Drawer Wardrobe,Wardrobes
2760,100-101-091-nevada-mirrored-2-door-1-drawer-wardrobe,Nevada Mirrored 2 Door 1 Drawer Wardrobe,Wardrobes
2768,100-101-091-nevada-mirrored-2-door-1-drawer-wardrobe,Nevada Mirrored 2 Door 1 Drawer Wardrobe,Wardrobes
2808,100-101-085-nevada-mirrored-2-door-1-drawer-wardrobe,Nevada Mirrored 2 Door 1 Drawer Wardrobe,Wardrobes
2816,100-101-085-nevada-mirrored-2-door-1-drawer-wardrobe,Nevada Mirrored 2 Door 1 Drawer Wardrobe,Wardrobes
2824,100-101-085-nevada-mirrored-2-door-1-drawer-wardrobe,Nevada Mirrored 2 Door 1 Drawer Wardrobe,Wardrobes
2832,100-101-085-nevada-mirrored-2-door-1-drawer-wardrobe,Nevada Mirrored 2 Door 1 Drawer Wardrobe,Wardrobes
2864,100-101-084-nevada-mirrored-2-door-1-drawer-wardrobe,Nevada Mirrored 2 Door 1 Drawer Wardrobe,Wardrobes
2870,100-101-084-nevada-mirrored-2-door-1-drawer-wardrobe,Nevada Mirrored 2 Door 1 Drawer Wardrobe,Wardrobes
2876,100-101-084-nevada-mirrored-2-door-1-drawer-wardrobe,Nevada Mirrored 2 Door 1 Drawer Wardrobe,Wardrobes
2882,100-101-084-nevada-mirrored-2-door-1-drawer-wardrobe,Nevada Mirrored 2 Door 1 Drawer Wardrobe,Wardrobes
2916,100-101-121-nordic-4-door-4-drawer-wardrobe,Nordic 4 Door 4 Drawer Wardrobe,Wardrobes
2923,100-101-121-nordic-4-door-4-drawer-wardrobe,Nordic 4 Door 4 Drawer Wardrobe,Wardrobes
2930,100-101-121-nordic-4-door-4-drawer-wardrobe,Nordic 4 Door 4 Drawer Wardrobe,Wardrobes
2937,100-101-121-nordic-4-door-4-drawer-wardrobe,Nordic 4 Door 4 Drawer Wardrobe,Wardrobes
2968,100-101-040-panama-3-door-wardrobe,Panama 3 Door Wardrobe,Wardrobes
2974,100-101-040-panama-3-door-wardrobe,Panama 3 Door Wardrobe,Wardrobes
2980,100-101-040-panama-3-door-wardrobe,Panama 3 Door Wardrobe,Wardrobes
2986,100-101-040-panama-3-door-wardrobe,Panama 3 Door Wardrobe,Wardrobes
3020,100-101-072-seville-2-door-1-drawer-wardrobe,Seville 2 Door 1 Drawer Wardrobe,Wardrobes
3027,100-101-072-seville-2-door-1-drawer-wardrobe,Seville 2 Door 1 Drawer Wardrobe,Wardrobes
3034,100-101-072-seville-2-door-1-drawer-wardrobe,Seville 2 Door 1 Drawer Wardrobe,Wardrobes
3041,100-101-072-seville-2-door-1-drawer-wardrobe,Seville 2 Door 1 Drawer Wardrobe,Wardrobes
3076,100-101-070-seville-2-door-1-drawer-wardrobe,Seville 2 Door 1 Drawer Wardrobe,Wardrobes
3083,100-101-070-seville-2-door-1-drawer-wardrobe,Seville 2 Door 1 Drawer Wardrobe,Wardrobes
3090,100-101-070-seville-2-door-1-drawer-wardrobe,Seville 2 Door 1 Drawer Wardrobe,Wardrobes
3097,100-101-070-seville-2-door-1-drawer-wardrobe,Seville 2 Door 1 Drawer Wardrobe,Wardrobes
3136,100-101-113-seville-4-door-2-drawer-wardrobe,Seville 4 Door 2 Drawer Wardrobe,Wardrobes
3144,100-101-113-seville-4-door-2-drawer-wardrobe,Seville 4 Door 2 Drawer Wardrobe,Wardrobes
3152,100-101-113-seville-4-door-2-drawer-wardrobe,Seville 4 Door 2 Drawer Wardrobe,Wardrobes
3160,100-101-113-seville-4-door-2-drawer-wardrobe,Seville 4 Door 2 Drawer Wardrobe,Wardrobes
3192,100-101-047-sol-3-door-wardrobe,Sol 3 Door Wardrobe,Wardrobes
3198,100-101-047-sol-3-door-wardrobe,Sol 3 Door Wardrobe,Wardrobes
3210,100-101-047-sol-3-door-wardrobe,Sol 3 Door Wardrobe,Wardrobes
3256,100-101-124-toledo-2-door-wardrobe,Toledo 2 Door Wardrobe,Wardrobes
3332,200-201-002-amber-3--bed,Amber 3  Bed,Beds
3359,200-201-003-amber-3--bed,Amber 3  Bed,Beds
3377,"200-203-001-amber-4-6""-bed","Amber 4 6"" Bed",Beds
3395,"200-203-002-amber-4-6""-bed","Amber 4 6"" Bed",Beds
3407,200-208-068-arabella-3--mattress,Arabella 3  Mattress,Beds
3413,"200-208-069-arabella-4-6""-mattress","Arabella 4 6"" Mattress",Beds
3419,200-208-070-arabella-5--mattress,Arabella 5  Mattress,Beds
3424,200-208-001-azarra-budget-3--mattress,Azarra Budget 3  Mattress,Beds
3428,"200-208-003-azarra-budget-4-6""-mattress","Azarra Budget 4 6"" Mattress",Beds
3437,"200-203-083-camden-plus-4-6""-storage-bed","Camden Plus 4 6"" Storage Bed",Beds
3453,"200-203-003-carlow-4-6""-bed","Carlow 4 6"" Bed",Beds
3471,200-201-009-corona-3--bed-high-foot-end,Corona 3  Bed High Foot End,Beds
3489,200-201-010-corona-3--bed-low-foot-end,Corona 3  Bed Low Foot End,Beds
3507,"200-203-009-corona-4-6""-bed-high-foot-end","Corona 4 6"" Bed High Foot End",Beds
3525,"200-203-010-corona-4-6""-bed-low-foot-end","Corona 4 6"" Bed Low Foot End",Beds
3542,200-204-004-corona-5--bed-high-foot-end,Corona 5  Bed High Foot End,Beds
3553,200-208-071-cosmo-3--mattress,Cosmo 3  Mattress,Beds
3559,200-208-072-cosmo-4--mattress,Cosmo 4  Mattress,Beds
3565,"200-208-073-cosmo-4-6""-mattress","Cosmo 4 6"" Mattress",Beds
3578,200-206-009-felix-low-sleeper-bed,Felix Low Sleeper Bed,Beds
3589,200-206-008-felix-low-sleeper-bed,Felix Low Sleeper Bed,Beds
3593,200-206-015-felix-low-sleeper-bed,Felix Low Sleeper Bed,Beds
3605,"200-203-097-hampton-4-6""-bed","Hampton 4 6"" Bed",Beds
3623,200-204-031-hampton-5--bed,Hampton 5  Bed,Beds
3641,"200-203-069-marlborough-4-6""-bed","Marlborough 4 6"" Bed",Beds
3658,200-201-016-maya-3--bed,Maya 3  Bed,Beds
3676,200-202-010-maya-4--bed,Maya 4  Bed,Beds
3695,200-201-045-monaco-3--bed-high-foot-end,Monaco 3  Bed High Foot End,Beds
3712,200-201-018-monaco-3--bed-high-foot-end,Monaco 3  Bed High Foot End,Beds
3729,200-201-019-monaco-3--bed-high-foot-end,Monaco 3  Bed High Foot End,Beds
3745,200-201-017-monaco-3--bed-high-foot-end,Monaco 3  Bed High Foot End,Beds
3760,200-201-020-monaco-3--bed-low-foot-end,Monaco 3  Bed Low Foot End,Beds
3776,200-201-021-monaco-3--bed-low-foot-end,Monaco 3  Bed Low Foot End,Beds
3792,200-202-011-monaco-4--bed-high-foot-end,Monaco 4  Bed High Foot End,Beds
3808,"200-203-026-monaco-4-6""-bed-high-foot-end","Monaco 4 6"" Bed High Foot End",Beds
3825,"200-203-063-monaco-4-6""-bed-high-foot-end","Monaco 4 6"" Bed High Foot End",Beds
3841,"200-203-028-monaco-4-6""-bed-high-foot-end","Monaco 4 6"" Bed High Foot End",Beds
3857,"200-203-030-monaco-4-6""-bed-low-foot-end","Monaco 4 6"" Bed Low Foot End",Beds
3875,"200-203-029-monaco-4-6""-bed-low-foot-end","Monaco 4 6"" Bed Low Foot End",Beds
3893,200-204-007-monaco-5--bed-high-foot-end,Monaco 5  Bed High Foot End,Beds
3910,200-204-006-monaco-5--bed-high-foot-end,Monaco 5  Bed High Foot End,Beds
3927,200-204-008-monaco-5--bed-low-foot-end,Monaco 5  Bed Low Foot End,Beds
3942,200-205-009-neptune-3--bunk-bed,Neptune 3  Bunk Bed,Beds
3955,200-205-008-neptune-3--bunk-bed,Neptune 3  Bunk Bed,Beds
3997,200-201-025-nova-3--bed,Nova 3  Bed,Beds
4014,200-201-026-orion-3--bed,Orion 3  Bed,Beds
4031,200-201-027-panama-3--bed,Panama 3  Bed,Beds
4046,200-205-012-panama-3--bunk-bed,Panama 3  Bunk Bed,Beds
4061,"200-203-033-panama-4-6""-bed","Panama 4 6"" Bed",Beds
4071,200-206-010-panama-mid-sleeper,Panama Mid Sleeper,Beds
4075,200-206-012-panama-mid-sleeper,Panama Mid Sleeper,Beds
4084,200-207-008-pandora-day-bed,Pandora Day Bed,Beds
4099,200-201-030-prado-3--bed,Prado 3  Bed,Beds
4117,200-201-062-prado-3--bed,Prado 3  Bed,Beds
4134,200-201-060-prado-3--bed,Prado 3  Bed,Beds
4148,200-201-050-prado-3--bed,Prado 3  Bed,Beds
4155,200-202-003-prado-4--bed,Prado 4  Bed,Beds
4166,200-202-016-prado-4--bed,Prado 4  Bed,Beds
4177,200-202-004-prado-4--bed,Prado 4  Bed,Beds
4188,"200-203-098-prado-4-6""-bed","Prado 4 6"" Bed",Beds
4208,"200-203-091-prado-4-6""-bed","Prado 4 6"" Bed",Beds
4224,"200-203-079-prado-4-6""-bed","Prado 4 6"" Bed",Beds
4240,"200-203-092-prado-4-6""-bed","Prado 4 6"" Bed",Beds
4259,"200-203-039-prado-4-6""-bed","Prado 4 6"" Bed",Beds
4278,200-204-035-prado-5--bed,Prado 5  Bed,Beds
4298,200-201-063-prado-plus-3--storage-bed,Prado Plus 3  Storage Bed,Beds
4309,200-201-032-prado-plus-3--storage-bed,Prado Plus 3  Storage Bed,Beds
4319,"200-203-099-prado-plus-4-6""-storage-bed","Prado Plus 4 6"" Storage Bed",Beds
4340,"200-203-041-prado-plus-4-6""-storage-bed","Prado Plus 4 6"" Storage Bed",Beds
4361,200-204-036-prado-plus-5--storage-bed,Prado Plus 5  Storage Bed,Beds
4388,"200-203-095-shannon-4-6""-bed","Shannon 4 6"" Bed",Beds
4392,200-204-030-shannon-5--bed,Shannon 5  Bed,Beds
4397,200-208-074-solar-ortho-3--mattress,Solar Ortho 3  Mattress,Beds
4403,"200-208-075-solar-ortho-4-6""-mattress","Solar Ortho 4 6"" Mattress",Beds
4409,200-208-076-solar-ortho-5--mattress,Solar Ortho 5  Mattress,Beds
4418,200-207-006-torino-day-bed,Torino Day Bed,Beds
4427,200-208-085-venus-3--memory-cool-rolled-mattress,Venus 3  Memory Cool Rolled Mattress,Beds
4434,200-208-078-venus-4--memory-cool-rolled-mattress,Venus 4  Memory Cool Rolled Mattress,Beds
4443,"200-208-077-venus-4-6""-memory-cool-rolled-mattress","Venus 4 6"" Memory Cool Rolled Mattress",Beds
4451,200-208-086-venus-5--memory-cool-rolled-mattress,Venus 5  Memory Cool Rolled Mattress,Beds
4466,200-201-036-waverley-3--storage-bed,Waverley 3  Storage Bed,Beds
4490,200-201-037-waverley-3--storage-bed,Waverley 3  Storage Bed,Beds
4514,200-201-065-waverley-3--storage-bed,Waverley 3  Storage Bed,Beds
4536,200-202-006-waverley-4--storage-bed,Waverley 4  Storage Bed,Beds
4556,"200-203-048-waverley-4-6""-storage-bed","Waverley 4 6"" Storage Bed",Beds
4576,"200-203-047-waverley-4-6""-storage-bed","Waverley 4 6"" Storage Bed",Beds
4589,200-208-068-arabella-3--mattress,Arabella 3  Mattress,Mattresses
4595,"200-208-069-arabella-4-6""-mattress","Arabella 4 6"" Mattress",Mattresses
4601,200-208-070-arabella-5--mattress,Arabella 5  Mattress,Mattresses
4606,200-208-001-azarra-budget-3--mattress,Azarra Budget 3  Mattress,Mattresses
4610,"200-208-003-azarra-budget-4-6""-mattress","Azarra Budget 4 6"" Mattress",Mattresses
4615,200-208-071-cosmo-3--mattress,Cosmo 3  Mattress,Mattresses
4621,200-208-072-cosmo-4--mattress,Cosmo 4  Mattress,Mattresses
4627,"200-208-073-cosmo-4-6""-mattress","Cosmo 4 6"" Mattress",Mattresses
4633,200-208-074-solar-ortho-3--mattress,Solar Ortho 3  Mattress,Mattresses
4639,"200-208-075-solar-ortho-4-6""-mattress","Solar Ortho 4 6"" Mattress",Mattresses
4645,200-208-076-solar-ortho-5--mattress,Solar Ortho 5  Mattress,Mattresses
4651,200-208-085-venus-3--memory-cool-rolled-mattress,Venus 3  Memory Cool Rolled Mattress,Mattresses
4658,200-208-078-venus-4--memory-cool-rolled-mattress,Venus 4  Memory Cool Rolled Mattress,Mattresses
4667,"200-208-077-venus-4-6""-memory-cool-rolled-mattress","Venus 4 6"" Memory Cool Rolled Mattress",Mattresses
4675,200-208-086-venus-5--memory-cool-rolled-mattress,Venus 5  Memory Cool Rolled Mattress,Mattresses
4684,400-403-055-avery-extending-dining-table,Avery Extending Dining Table,Dining Sets & Dining Tables
4696,400-403-054-charisma-home-bar-table,Charisma Home Bar Table,Dining Sets & Dining Tables
4707,400-403-047-charisma-home-bar-table,Charisma Home Bar Table,Dining Sets & Dining Tables
4717,400-403-046-charisma-home-bar-table,Charisma Home Bar Table,Dining Sets & Dining Tables
4725,400-403-007-corona-5--dining-table,Corona 5  Dining Table,Dining Sets & Dining Tables
4731,400-403-008-corona-6--dining-table,Corona 6  Dining Table,Dining Sets & Dining Tables
4740,400-403-009-corona-extending-dining-table,Corona Extending Dining Table,Dining Sets & Dining Tables
4749,400-403-052-lindon-dining-table,Lindon Dining Table,Dining Sets & Dining Tables
4753,400-403-027-logan-large-dining-table,Logan Large Dining Table,Dining Sets & Dining Tables
4760,400-403-035-salvador-tile-top-dining-table,Salvador Tile Top Dining Table,Dining Sets & Dining Tables
4767,400-402-007-abbey-chair,Abbey Chair,Dining Chairs
4769,400-402-008-abbey-chair,Abbey Chair,Dining Chairs
4771,400-402-098-abbey-chair,Abbey Chair,Dining Chairs
4779,400-402-117-avery-chair,Avery Chair,Dining Chairs
4793,400-402-118-avery-chair,Avery Chair,Dining Chairs
4807,400-402-119-avery-chair,Avery Chair,Dining Chairs
4821,400-402-120-avery-chair,Avery Chair,Dining Chairs
4832,400-402-107-berlin-chair,Berlin Chair,Dining Chairs
4845,400-402-013-budget-mexican-chair,Budget Mexican Chair,Dining Chairs
4863,400-402-071-corona-chair,Corona Chair,Dining Chairs
4881,400-402-015-corona-chair,Corona Chair,Dining Chairs
4898,400-402-017-corona-chair-(pair),Corona Chair (PAIR),Dining Chairs
4912,400-402-110-lindon-chair,Lindon Chair,Dining Chairs
4923,400-402-105-lucas-chair,Lucas Chair,Dining Chairs
4935,400-402-123-lukas-chair,Lukas Chair,Dining Chairs
4949,400-402-122-lukas-chair,Lukas Chair,Dining Chairs
4963,400-402-121-lukas-chair,Lukas Chair,Dining Chairs
4977,400-402-124-lukas-chair,Lukas Chair,Dining Chairs
4987,400-402-089-milan-chair,Milan Chair,Dining Chairs
5001,400-402-070-milan-chair,Milan Chair,Dining Chairs
5023,400-402-103-quebec-chair,Quebec Chair,Dining Chairs
5041,400-402-102-richmond-stool,Richmond Stool,Dining Chairs
5056,400-402-115-riley-chair,Riley Chair,Dining Chairs
5072,400-402-056-vienna-chair,Vienna Chair,Dining Chairs
5086,400-406-001-cambourne-1-door-5-shelf-unit,Cambourne 1 Door 5 Shelf Unit,Display Units
5097,400-406-002-cambourne-1-door-display-unit,Cambourne 1 Door Display Unit,Display Units
5108,400-406-003-cambourne-3-drawer-display-unit,Cambourne 3 Drawer Display Unit,Display Units
5121,400-406-008-corona-1-door-2-drawer-glass-display-unit,Corona 1 Door 2 Drawer Glass Display Unit,Display Units
5136,400-406-005-corona-3--buffet-hutch,Corona 3  Buffet Hutch,Display Units
5152,"400-406-006-corona-4-6""-buffet-hutch","Corona 4 6"" Buffet Hutch",Display Units
5161,400-406-014-santos-4-shelf-corner-unit,Santos 4 Shelf Corner Unit,Display Units
5163,400-406-013-santos-4-shelf-unit,Santos 4 Shelf Unit,Display Units
5173,400-405-034-athens-sideboard,Athens Sideboard,Sideboards
5189,400-405-032-bergen-2-door-2-drawer-sideboard,Bergen 2 Door 2 Drawer Sideboard,Sideboards
5207,400-405-033-bergen-tall-sideboard/wine-rack,Bergen Tall Sideboard/Wine Rack,Sideboards
5224,400-405-002-cambourne-2-door-2-drawer-sideboard,Cambourne 2 Door 2 Drawer Sideboard,Sideboards
5236,400-405-003-cambourne-3-door-3-drawer-sideboard,Cambourne 3 Door 3 Drawer Sideboard,Sideboards
5249,400-405-005-charisma-2-door-3-drawer-sideboard,Charisma 2 Door 3 Drawer Sideboard,Sideboards
5263,400-405-004-charisma-2-door-3-drawer-sideboard,Charisma 2 Door 3 Drawer Sideboard,Sideboards
5277,400-405-029-charisma-2-door-3-drawer-sideboard,Charisma 2 Door 3 Drawer Sideboard,Sideboards
5292,400-405-018-corona-1-door-4-drawer-sideboard,Corona 1 Door 4 Drawer Sideboard,Sideboards
5308,400-405-008-corona-2-door-2-drawer-sideboard,Corona 2 Door 2 Drawer Sideboard,Sideboards
5326,400-405-021-corona-2-door-5-drawer-sideboard,Corona 2 Door 5 Drawer Sideboard,Sideboards
5345,400-405-020-corona-2-door-5-drawer-sideboard,Corona 2 Door 5 Drawer Sideboard,Sideboards
5362,400-405-010-corona-3-door-3-drawer-sideboard,Corona 3 Door 3 Drawer Sideboard,Sideboards
5377,400-405-024-ludlow-sideboard,Ludlow Sideboard,Sideboards
5395,400-405-036-montreal-2-door-sideboard,Montreal 2 Door Sideboard,Sideboards
5415,400-405-031-ottawa-1-door-3-drawer-sideboard,Ottawa 1 Door 3 Drawer Sideboard,Sideboards
5431,400-405-013-panama-2-door-2-drawer-sideboard,Panama 2 Door 2 Drawer Sideboard,Sideboards
5446,400-405-028-salvador-tile-top-3-door-sideboard,Salvador Tile Top 3 Door Sideboard,Sideboards
5461,400-405-015-tortilla-2-door-2-drawer-sideboard,Tortilla 2 Door 2 Drawer Sideboard,Sideboards
5476,500-501-001-budget-mexican-study-desk,Budget Mexican Study Desk,Computer Desks
5491,500-501-002-cambourne-computer-desk,Cambourne Computer Desk,Computer Desks
5505,500-501-014-cambourne-desk-&-bookcase,Cambourne Desk & Bookcase,Computer Desks
5520,500-501-006-corona-computer-desk,Corona Computer Desk,Computer Desks
5536,500-501-007-jenny-2-drawer-study-desk,Jenny 2 Drawer Study Desk,Computer Desks
5552,500-501-008-jenny-2-drawer-study-desk,Jenny 2 Drawer Study Desk,Computer Desks
5568,500-501-015-madrid-computer-desk,Madrid Computer Desk,Computer Desks
5584,500-501-012-seville-2-drawer-slider-desk,Seville 2 Drawer Slider Desk,Computer Desks
5600,500-501-013-seville-2-drawer-slider-desk,Seville 2 Drawer Slider Desk,Computer Desks
5609,500-502-001-budget-clifton-computer-chair,Budget Clifton Computer Chair,Computer Chairs
5617,500-502-002-clifton-computer-chair,Clifton Computer Chair,Computer Chairs
5626,300-309-002-tempo-tub-chair,Tempo Tub Chair,Tub Chairs
5630,300-309-005-tempo-tub-chair,Tempo Tub Chair,Tub Chairs
5635,300-309-018-tempo-tub-chair,Tempo Tub Chair,Tub Chairs
5646,300-309-026-tempo-tub-chair,Tempo Tub Chair,Tub Chairs
5662,300-309-027-tempo-tub-chair,Tempo Tub Chair,Tub Chairs
5676,300-308-056-ashley-1-seater-sofa,Ashley 1 Seater Sofa,Suites Sofas
5688,300-308-058-ashley-3-seater-sofa,Ashley 3 Seater Sofa,Suites Sofas
5705,300-308-044-astoria-sofa-bed,Astoria Sofa Bed,Suites Sofas
5726,300-308-051-chester-3+2-suite,Chester 3+2 Suite,Suites Sofas
5742,300-308-063-lucy-2-seater-sofa,Lucy 2 Seater Sofa,Suites Sofas
5754,300-309-017-sherborne-fireside-chair,Sherborne Fireside Chair,Suites Sofas
5766,300-308-062-tempo-armchair,Tempo Armchair,Suites Sofas
5778,300-308-064-tempo-three-seater-sofa,Tempo Three Seater Sofa,Suites Sofas
5785,300-308-008-tempo-two-seater-sofa-in-a-box,Tempo Two Seater Sofa-in-a-Box,Suites Sofas
5787,300-308-006-tempo-two-seater-sofa-in-a-box,Tempo Two Seater Sofa-in-a-Box,Suites Sofas
5793,400-404-023-athens-bar-stool-(pair),Athens Bar Stool (PAIR),Bar Chairs
5803,400-404-024-athens-bar-stool-(pair),Athens Bar Stool (PAIR),Bar Chairs
5814,400-404-021-brisbane-bar-chair-(pair),Brisbane Bar Chair (PAIR),Bar Chairs
5826,400-404-022-brisbane-bar-chair-(pair),Brisbane Bar Chair (PAIR),Bar Chairs
5841,400-404-007-corona-bar-chair-(pair),Corona Bar Chair (PAIR),Bar Chairs
5856,400-404-020-darwin-bar-chair-(pair),Darwin Bar Chair (PAIR),Bar Chairs
5867,400-404-017-sienna-bar-chair,Sienna Bar Chair,Bar Chairs
